, Average Covered Charges , Average Covered Charges , Average Covered Charges , Average Covered Charges , Average Covered Charges , Average Total Payments , Average Total Payments , Average Total Payments , Average Total Payments , Average Total Payments ,Average Medicare Payments,Average Medicare Payments,Average Medicare Payments,Average Medicare Payments,Average Medicare Payments
,mean,median,std,min,max,mean,median,std,min,max,mean,median,std,min,max
Cluster_Hierarchical,,,,,,,,,,,,,,,
0,110098.30656976743,89268.23999999999,66346.33184711286,19805.69,549826.0,33914.77687984496,32002.190000000002,11034.486820598024,20308.61,103802.96,31453.398992248065,29707.015,10457.552803914945,9316.11,101717.82
1,25083.8123411004,21452.7,14086.849579693431,2995.61,98719.21,6995.50195559351,6372.86,2628.4725466077803,2728.69,21032.08,5918.789282664389,5354.2,2555.013949960309,1752.35,15685.82
2,73282.13814296815,65227.9,33474.06194797238,5303.6,244756.0,16627.2682983683,16117.75,3894.8860798068968,6857.75,41878.9,14920.62937062937,14597.56,3502.4023531800453,6108.41,26206.16
