, Average Covered Charges , Average Covered Charges , Average Covered Charges , Average Covered Charges , Average Covered Charges , Average Total Payments , Average Total Payments , Average Total Payments , Average Total Payments , Average Total Payments ,Average Medicare Payments,Average Medicare Payments,Average Medicare Payments,Average Medicare Payments,Average Medicare Payments
,mean,median,std,min,max,mean,median,std,min,max,mean,median,std,min,max
Cluster_DBSCAN,,,,,,,,,,,,,,,
-1,135662.94868105516,130574.84,68275.72379826997,5303.6,549826.0,34361.91160671463,33598.31,12970.691842511706,5739.0,103802.96,30967.333645083934,30716.29,13096.451730098082,3561.84,101717.82
0,30866.46804549284,24125.215,21336.247659141492,2995.61,141898.65,8359.111858677337,6912.325,4452.216667807378,2728.69,29810.07,7228.437790648694,5854.450000000001,4294.391132181418,1752.35,28419.85
1,27609.854347826087,27009.38,4196.537015261757,21101.16,37145.36,24404.60086956522,24442.45,1591.6449484414577,21514.27,27288.41,22737.639565217392,23209.72,1579.6374304926555,20278.12,25766.32
2,107104.09846153845,107864.7,7500.009616395784,91600.25,122143.75,32228.575897435898,32319.13,1862.119426622196,29059.31,35631.94,30451.06641025641,30211.0,1612.5970802167603,28038.64,33673.25
3,101193.87133333334,100964.96,6208.798144240694,90664.51,112948.67,25980.82333333333,26016.0,879.3389864118444,23957.45,27184.52,24498.156,24787.42,968.7972758293064,22029.96,25621.0
4,72742.302,72276.95000000001,3978.8667739942657,68133.53,79761.0,32647.272000000004,32755.254999999997,1082.4303970520323,31079.54,33992.8,31646.659999999996,31397.61,888.2991395545384,30465.0,32844.43
